-------------------------------------------------------------------------------------------,,,,,,,,,
 Atmospheric CO2 concentrations (ppm) derived from in situ air measurements                ,,,,,,,,,
" at Mauna Loa, Observatory, Hawaii: Latitude 19.5°N Longitude 155.6°W Elevation 3397m      ",,,,,,,,,
                                                                                           ,,,,,,,,,
" Source: R. F. Keeling, S. J. Walker, S. C. Piper and A. F. Bollenbacher                   ",,,,,,,,,
 Scripps CO2 Program ( http://scrippsco2.ucsd.edu )                                        ,,,,,,,,,
 Scripps Institution of Oceanography (SIO)                                                 ,,,,,,,,,
 University of California                                                                  ,,,,,,,,,
" La Jolla, California USA 92093-0244                                                       ",,,,,,,,,
                                                                                           ,,,,,,,,,
 Status of data and correspondence:                                                        ,,,,,,,,,
                                                                                           ,,,,,,,,,
 These data are subject to revision based on recalibration of standard gases. Questions    ,,,,,,,,,
" about the data should be directed to Dr. Ralph Keeling (rkeeling@ucsd.edu), Stephen Walker",,,,,,,,,
" (sjwalker@ucsd.edu) and Stephen Piper (scpiper@ucsd.edu), Scripps CO2 Program.            ",,,,,,,,,
                                                                                           ,,,,,,,,,
 Baseline data in this file through 06-Sep-2021 from archive dated 07-Sep-2021 11:07:27    ,,,,,,,,,
                                                                                           ,,,,,,,,,
-------------------------------------------------------------------------------------------,,,,,,,,,
                                                                                           ,,,,,,,,,
 Please cite as:                                                                           ,,,,,,,,,
                                                                                           ,,,,,,,,,
" C. D. Keeling, S. C. Piper, R. B. Bacastow, M. Wahlen, T. P. Whorf, M. Heimann, and       ",,,,,,,,,
" H. A. Meijer, Exchanges of atmospheric CO2 and 13CO2 with the terrestrial biosphere and   ",,,,,,,,,
" oceans from 1978 to 2000.  I. Global aspects, SIO Reference Series, No. 01-06, Scripps    ",,,,,,,,,
" Institution of Oceanography, San Diego, 88 pages, 2001.                                   ",,,,,,,,,
                                                                                           ,,,,,,,,,
" If it is necessary to cite a peer-reviewed article, please cite as:                       ",,,,,,,,,
                                                                                           ,,,,,,,,,
" C. D. Keeling, S. C. Piper, R. B. Bacastow, M. Wahlen, T. P. Whorf, M. Heimann, and       ",,,,,,,,,
" H. A. Meijer, Atmospheric CO2 and 13CO2 exchange with the terrestrial biosphere and       ",,,,,,,,,
" oceans from 1978 to 2000: observations and carbon cycle implications, pages 83-113,       ",,,,,,,,,
 in A History of Atmospheric CO2 and its effects on Plants, Animals," and Ecosystems""","     """,,,,,,
" editors, Ehleringer, J.R., T. E. Cerling, M. D. Dearing, Springer Verlag,                 ",,,,,,,,,
" New York, 2005.                                                                           ",,,,,,,,,
                                                                                           ,,,,,,,,,
-------------------------------------------------------------------------------------------,,,,,,,,,
                                                                                           ,,,,,,,,,
 The data file below contains 10 columns.  Columns 1-4 give the dates in several redundant ,,,,,,,,,
 formats. Column 5 below gives monthly Mauna Loa CO2 concentrations in micro-mol CO2 per   ,,,,,,,,,
" mole (ppm), reported on the 2012 SIO manometric mole fraction scale.  This is the        ",,,,,,,,,
 standard version of the data most often sought.  The monthly values have been adjusted    ,,,,,,,,,
 to 24:00 hours on the 15th of each month.  Column 6 gives the same data after a seasonal  ,,,,,,,,,
 adjustment to remove the quasi-regular seasonal cycle.  The adjustment involves           ,,,,,,,,,
 subtracting from the data a 4-harmonic fit with a linear gain factor.  Column 7 is a      ,,,,,,,,,
 smoothed version of the data generated from a stiff cubic spline function plus 4-harmonic ,,,,,,,,,
 functions with linear gain.  Column 8 is the same smoothed version with the seasonal      ,,,,,,,,,
 cycle removed.  Column 9 is identical to Column 5 except that the missing values from     ,,,,,,,,,
 Column 5 have been filled with values from Column 7.  Column 10 is identical to Column 6  ,,,,,,,,,
 except missing values have been filled with values from Column 8.  Missing values are     ,,,,,,,,,
 denoted by -99.99                                                                         ,,,,,,,,,
                                                                                           ,,,,,,,,,
 CO2 concentrations are measured on the '12' calibration scale                             ,,,,,,,,,
                                                                                           ,,,,,,,,,
  Yr, Mn,    Date,      Date,     CO2,seasonally,        fit,  seasonally,      CO2, seasonally
    ,   ,        ,          ,        ,  adjusted,           ,adjusted fit,   filled,adjusted filled
    ,   ,   Excel,          ,   [ppm],    [ppm] ,      [ppm],    [ppm],       [ppm],    [ppm]
1958,1,21200,19.580.411,-99.99,-99.99,-99.99,-99.99,-99.99,-99.99
1958,2,21231,19.581.260,-99.99,-99.99,-99.99,-99.99,-99.99,-99.99
1958,3,21259,19.582.027,315.71,314.44,316.2,314.91,315.71,314.44
1958,4,21290,19.582.877,317.45,315.16,317.3,314.99,317.45,315.16
1958,5,21320,19.583.699,317.51,314.71,317.87,315.07,317.51,314.71
1958,6,21351,19.584.548,-99.99,-99.99,317.25,315.15,317.25,315.15
1958,7,21381,19.585.370,315.86,315.2,315.86,315.22,315.86,315.2
1958,8,21412,19.586.219,314.93,316.2,313.99,315.29,314.93,316.2
1958,9,21443,19.587.068,313.21,316.09,312.46,315.35,313.21,316.09
1958,10,21473,19.587.890,-99.99,-99.99,312.44,315.41,312.44,315.41
1958,11,21504,19.588.740,313.33,315.2,313.62,315.46,313.33,315.2
1958,12,21534,19.589.562,314.67,315.43,314.77,315.52,314.67,315.43
1959,1,21565,19.590.411,315.58,315.54,315.63,315.57,315.58,315.54
1959,2,21596,19.591.260,316.49,315.85,316.28,315.64,316.49,315.85
1959,3,21624,19.592.027,316.65,315.37,316.99,315.7,316.65,315.37
1959,4,21655,19.592.877,317.72,315.42,318.09,315.77,317.72,315.42
1959,5,21685,19.593.699,318.29,315.49,318.66,315.85,318.29,315.49
1959,6,21716,19.594.548,318.15,316.02,318.05,315.94,318.15,316.02
1959,7,21746,19.595.370,316.54,315.87,316.67,316.03,316.54,315.87
1959,8,21777,19.596.219,314.8,316.07,314.82,316.13,314.8,316.07
1959,9,21808,19.597.068,313.84,316.73,313.32,316.22,313.84,316.73
1959,10,21838,19.597.890,313.33,316.33,313.33,316.31,313.33,316.33
1959,11,21869,19.598.740,314.81,316.69,314.54,316.4,314.81,316.69
1959,12,21899,19.599.562,315.58,316.35,315.73,316.48,315.58,316.35
1960,1,21930,19.600.410,316.43,316.39,316.61,316.56,316.43,316.39
1960,2,21961,19.601.257,316.98,316.35,317.28,316.64,316.98,316.35
1960,3,21990,19.602.049,317.58,316.27,318.04,316.72,317.58,316.27
1960,4,22021,19.602.896,319.03,316.7,319.14,316.8,319.03,316.7
1960,5,22051,19.603.716,320.03,317.22,319.68,316.87,320.03,317.22
1960,6,22082,19.604.563,319.59,317.47,319.02,316.93,319.59,317.47
1960,7,22112,19.605.383,318.18,317.53,317.6,316.98,318.18,317.53
1960,8,22143,19.606.230,315.9,317.2,315.68,317.02,315.9,317.2
1960,9,22174,19.607.077,314.17,317.08,314.13,317.05,314.17,317.08
1960,10,22204,19.607.896,313.83,316.83,314.09,317.08,313.83,316.83
1960,11,22235,19.608.743,315,316.88,315.26,317.11,315,316.88
1960,12,22265,19.609.563,316.19,316.96,316.4,317.15,316.19,316.96
1961,1,22296,19.610.411,316.89,316.85,317.26,317.2,316.89,316.85
1961,2,22327,19.611.260,317.7,317.07,317.92,317.27,317.7,317.07
1961,3,22355,19.612.027,318.54,317.25,318.64,317.34,318.54,317.25
1961,4,22386,19.612.877,319.48,317.16,319.75,317.42,319.48,317.16
1961,5,22416,19.613.699,320.58,317.75,320.33,317.5,320.58,317.75
1961,6,22447,19.614.548,319.77,317.63,319.72,317.59,319.77,317.63
1961,7,22477,19.615.370,318.56,317.89,318.33,317.68,318.56,317.89
1961,8,22508,19.616.219,316.79,318.07,316.45,317.77,316.79,318.07
1961,9,22539,19.617.068,314.99,317.9,314.93,317.85,314.99,317.9
1961,10,22569,19.617.890,315.31,318.32,314.92,317.92,315.31,318.32
1961,11,22600,19.618.740,316.1,317.99,316.13,318,316.1,317.99
1961,12,22630,19.619.562,317.01,317.78,317.3,318.06,317.01,317.78
1962,1,22661,19.620.411,317.94,317.9,318.18,318.13,317.94,317.9
1962,2,22692,19.621.260,318.55,317.91,318.85,318.2,318.55,317.91
1962,3,22720,19.622.027,319.68,318.39,319.56,318.26,319.68,318.39
1962,4,22751,19.622.877,320.57,318.24,320.67,318.33,320.57,318.24
1962,5,22781,19.623.699,321.02,318.18,321.23,318.39,321.02,318.18
1962,6,22812,19.624.548,320.62,318.47,320.58,318.45,320.62,318.47
1962,7,22842,19.625.370,319.61,318.94,319.16,318.51,319.61,318.94
1962,8,22873,19.626.219,317.4,318.69,317.24,318.56,317.4,318.69
1962,9,22904,19.627.068,316.25,319.17,315.67,318.61,316.25,319.17
1962,10,22934,19.627.890,315.42,318.44,315.63,318.64,315.42,318.44
1962,11,22965,19.628.740,316.69,318.59,316.81,318.68,316.69,318.59
1962,12,22995,19.629.562,317.7,318.47,317.96,318.72,317.7,318.47
1963,1,23026,19.630.411,318.74,318.7,318.82,318.77,318.74,318.7
1963,2,23057,19.631.260,319.07,318.43,319.46,318.81,319.07,318.43
1963,3,23085,19.632.027,319.86,318.56,320.17,318.86,319.86,318.56
1963,4,23116,19.632.877,321.38,319.05,321.26,318.91,321.38,319.05
1963,5,23146,19.633.699,322.25,319.4,321.81,318.97,322.25,319.4
1963,6,23177,19.634.548,321.48,319.32,321.15,319.02,321.48,319.32
1963,7,23207,19.635.370,319.74,319.06,319.71,319.06,319.74,319.06
1963,8,23238,19.636.219,317.77,319.06,317.78,319.1,317.77,319.06
1963,9,23269,19.637.068,316.21,319.14,316.2,319.15,316.21,319.14
1963,10,23299,19.637.890,315.99,319.02,316.16,319.19,315.99,319.02
1963,11,23330,19.638.740,317.07,318.97,317.35,319.23,317.07,318.97
1963,12,23360,19.639.562,318.35,319.13,318.51,319.28,318.35,319.13
1964,1,23391,19.640.410,319.57,319.53,319.38,319.32,319.57,319.53
1964,2,23422,19.641.257,-99.99,-99.99,320.02,319.37,320.02,319.37
1964,3,23451,19.642.049,-99.99,-99.99,320.75,319.41,320.75,319.41
1964,4,23482,19.642.896,-99.99,-99.99,321.84,319.46,321.84,319.46
1964,5,23512,19.643.716,322.25,319.4,322.35,319.49,322.25,319.4
1964,6,23543,19.644.563,321.89,319.75,321.65,319.53,321.89,319.75
1964,7,23573,19.645.383,320.44,319.78,320.19,319.56,320.44,319.78
1964,8,23604,19.646.230,318.69,320.01,318.23,319.59,318.69,320.01
1964,9,23635,19.647.077,316.71,319.65,316.64,319.61,316.71,319.65
1964,10,23665,19.647.896,316.87,319.91,316.59,319.62,316.87,319.91
1964,11,23696,19.648.743,317.68,319.58,317.76,319.64,317.68,319.58
1964,12,23726,19.649.563,318.71,319.49,318.9,319.66,318.71,319.49
1965,1,23757,19.650.411,319.44,319.39,319.74,319.69,319.44,319.39
1965,2,23788,19.651.260,320.44,319.8,320.38,319.73,320.44,319.8
1965,3,23816,19.652.027,320.89,319.59,321.09,319.77,320.89,319.59
1965,4,23847,19.652.877,322.14,319.79,322.2,319.84,322.14,319.79
1965,5,23877,19.653.699,322.17,319.3,322.78,319.91,322.17,319.3
1965,6,23908,19.654.548,321.87,319.7,322.16,320,321.87,319.7
1965,7,23938,19.655.370,321.21,320.52,320.76,320.1,321.21,320.52
1965,8,23969,19.656.219,318.87,320.17,318.88,320.21,318.87,320.17
1965,9,24000,19.657.068,317.82,320.77,317.36,320.33,317.82,320.77
1965,10,24030,19.657.890,317.3,320.36,317.39,320.44,317.3,320.36
1965,11,24061,19.658.740,318.87,320.78,318.66,320.55,318.87,320.78
1965,12,24091,19.659.562,319.42,320.2,319.9,320.67,319.42,320.2
1966,1,24122,19.660.411,320.62,320.58,320.84,320.79,320.62,320.58
1966,2,24153,19.661.260,321.6,320.95,321.57,320.91,321.6,320.95
1966,3,24181,19.662.027,322.39,321.08,322.34,321.01,322.39,321.08
1966,4,24212,19.662.877,323.7,321.34,323.5,321.13,323.7,321.34
1966,5,24242,19.663.699,324.08,321.2,324.1,321.23,324.08,321.2
1966,6,24273,19.664.548,323.75,321.57,323.48,321.32,323.75,321.57
1966,7,24303,19.665.370,322.38,321.69,322.06,321.41,322.38,321.69
1966,8,24334,19.666.219,320.36,321.66,320.15,321.49,320.36,321.66
1966,9,24365,19.667.068,318.64,321.6,318.58,321.56,318.64,321.6
1966,10,24395,19.667.890,318.1,321.17,318.57,321.62,318.1,321.17
1966,11,24426,19.668.740,319.78,321.71,319.79,321.69,319.78,321.71
1966,12,24456,19.669.562,321.03,321.81,320.98,321.75,321.03,321.81
1967,1,24487,19.670.411,322.33,322.29,321.86,321.8,322.33,322.29
1967,2,24518,19.671.260,322.5,321.85,322.52,321.86,322.5,321.85
1967,3,24546,19.672.027,323.03,321.72,323.24,321.91,323.03,321.72
1967,4,24577,19.672.877,324.42,322.05,324.35,321.96,324.42,322.05
1967,5,24607,19.673.699,325,322.11,324.91,322.02,325,322.11
1967,6,24638,19.674.548,324.09,321.9,324.25,322.08,324.09,321.9
1967,7,24668,19.675.370,322.54,321.85,322.8,322.14,322.54,321.85
1967,8,24699,19.676.219,320.92,322.23,320.87,322.21,320.92,322.23
1967,9,24730,19.677.068,319.25,322.23,319.29,322.28,319.25,322.23
1967,10,24760,19.677.890,319.39,322.47,319.28,322.35,319.39,322.47
1967,11,24791,19.678.740,320.73,322.65,320.52,322.42,320.73,322.65
1967,12,24821,19.679.562,321.96,322.75,321.73,322.5,321.96,322.75
1968,1,24852,19.680.410,322.57,322.52,322.63,322.57,322.57,322.52
1968,2,24883,19.681.257,323.15,322.5,323.32,322.66,323.15,322.5
1968,3,24912,19.682.049,323.89,322.55,324.09,322.74,323.89,322.55
1968,4,24943,19.682.896,325.02,322.62,325.24,322.83,325.02,322.62
1968,5,24973,19.683.716,325.57,322.67,325.82,322.93,325.57,322.67
1968,6,25004,19.684.563,325.36,323.18,325.19,323.03,325.36,323.18
1968,7,25034,19.685.383,324.14,323.47,323.78,323.14,324.14,323.47
1968,8,25065,19.686.230,322.11,323.44,321.89,323.26,322.11,323.44
1968,9,25096,19.687.077,320.33,323.32,320.37,323.37,320.33,323.32
1968,10,25126,19.687.896,320.25,323.33,320.42,323.49,320.25,323.33
1968,11,25157,19.688.743,321.32,323.25,321.71,323.62,321.32,323.25
1968,12,25187,19.689.563,322.89,323.68,322.98,323.75,322.89,323.68
1969,1,25218,19.690.411,324,323.96,323.95,323.89,324,323.96
1969,2,25249,19.691.260,324.42,323.76,324.7,324.03,324.42,323.76
1969,3,25277,19.692.027,325.63,324.31,325.5,324.17,325.63,324.31
1969,4,25308,19.692.877,326.66,324.28,326.71,324.31,326.66,324.28
1969,5,25338,19.693.699,327.38,324.48,327.35,324.44,327.38,324.48
1969,6,25369,19.694.548,326.71,324.51,326.76,324.57,326.71,324.51
1969,7,25399,19.695.370,325.88,325.19,325.36,324.69,325.88,325.19
1969,8,25430,19.696.219,323.66,324.98,323.46,324.81,323.66,324.98
1969,9,25461,19.697.068,322.38,325.37,321.9,324.91,322.38,325.37
1969,10,25491,19.697.890,321.78,324.88,321.91,325,321.78,324.88
1969,11,25522,19.698.740,322.85,324.8,323.16,325.08,322.85,324.8
1969,12,25552,19.699.562,324.12,324.91,324.38,325.16,324.12,324.91
1970,1,25583,19.700.411,325.06,325.02,325.3,325.24,325.06,325.02
1970,2,25614,19.701.260,325.98,325.33,326,325.33,325.98,325.33
1970,3,25642,19.702.027,326.93,325.6,326.74,325.4,326.93,325.6
1970,4,25673,19.702.877,328.13,325.74,327.89,325.48,328.13,325.74
1970,5,25703,19.703.699,328.08,325.16,328.47,325.56,328.08,325.16
1970,6,25734,19.704.548,327.67,325.46,327.82,325.63,327.67,325.46
1970,7,25764,19.705.370,326.34,325.65,326.37,325.71,326.34,325.65
1970,8,25795,19.706.219,324.68,326.01,324.42,325.78,324.68,326.01
1970,9,25826,19.707.068,323.1,326.1,322.82,325.84,323.1,326.1
1970,10,25856,19.707.890,323.07,326.18,322.79,325.89,323.07,326.18
1970,11,25887,19.708.740,324.01,325.96,324.01,325.93,324.01,325.96
1970,12,25917,19.709.562,325.13,325.93,325.19,325.97,325.13,325.93
1971,1,25948,19.710.411,326.17,326.13,326.07,326.01,326.17,326.13
1971,2,25979,19.711.260,326.68,326.02,326.72,326.05,326.68,326.02
1971,3,26007,19.712.027,327.18,325.84,327.44,326.09,327.18,325.84
1971,4,26038,19.712.877,327.79,325.39,328.56,326.14,327.79,325.39
1971,5,26068,19.713.699,328.93,326,329.13,326.2,328.93,326
1971,6,26099,19.714.548,328.57,326.35,328.46,326.27,328.57,326.35
1971,7,26129,19.715.370,327.36,326.66,327,326.33,327.36,326.66
1971,8,26160,19.716.219,325.43,326.75,325.05,326.41,325.43,326.75
1971,9,26191,19.717.068,323.36,326.37,323.45,326.48,323.36,326.37
1971,10,26221,19.717.890,323.56,326.68,323.44,326.55,323.56,326.68
1971,11,26252,19.718.740,324.8,326.75,324.69,326.62,324.8,326.75
1971,12,26282,19.719.562,326.01,326.81,325.92,326.7,326.01,326.81
1972,1,26313,19.720.410,326.77,326.73,326.84,326.79,326.77,326.73
1972,2,26344,19.721.257,327.63,326.97,327.55,326.88,327.63,326.97
1972,3,26373,19.722.049,327.75,326.39,328.36,326.98,327.75,326.39
1972,4,26404,19.722.896,329.72,327.29,329.55,327.1,329.72,327.29
1972,5,26434,19.723.716,330.07,327.13,330.17,327.23,330.07,327.13
1972,6,26465,19.724.563,329.09,326.88,329.57,327.38,329.09,326.88
1972,7,26495,19.725.383,328.04,327.37,328.19,327.54,328.04,327.37
1972,8,26526,19.726.230,326.32,327.68,326.33,327.72,326.32,327.68
1972,9,26557,19.727.077,324.84,327.87,324.87,327.92,324.84,327.87
1972,10,26587,19.727.896,325.2,328.33,325,328.11,325.2,328.33
1972,11,26618,19.728.743,326.5,328.46,326.38,328.31,326.5,328.46
1972,12,26648,19.729.563,327.55,328.36,327.73,328.51,327.55,328.36
1973,1,26679,19.730.411,328.55,328.5,328.78,328.72,328.55,328.5
1973,2,26710,19.731.260,329.56,328.9,329.6,328.93,329.56,328.9
1973,3,26738,19.732.027,330.3,328.96,330.47,329.11,330.3,328.96
1973,4,26769,19.732.877,331.5,329.09,331.74,329.31,331.5,329.09
1973,5,26799,19.733.699,332.48,329.53,332.43,329.48,332.48,329.53
1973,6,26830,19.734.548,332.07,329.84,331.86,329.64,332.07,329.84
1973,7,26860,19.735.370,330.87,330.17,330.45,329.78,330.87,330.17
1973,8,26891,19.736.219,329.31,330.65,328.52,329.89,329.31,330.65
1973,9,26922,19.737.068,327.52,330.55,326.92,329.97,327.52,330.55
1973,10,26952,19.737.890,327.19,330.33,326.89,330.02,327.19,330.33
1973,11,26983,19.738.740,328.17,330.13,328.11,330.05,328.17,330.13
1973,12,27013,19.739.562,328.65,329.45,329.29,330.08,328.65,329.45
1974,1,27044,19.740.411,329.36,329.31,330.16,330.1,329.36,329.31
1974,2,27075,19.741.260,330.71,330.05,330.8,330.13,330.71,330.05
1974,3,27103,19.742.027,331.49,330.14,331.51,330.15,331.49,330.14
1974,4,27134,19.742.877,332.65,330.23,332.63,330.19,332.65,330.23
1974,5,27164,19.743.699,333.1,330.14,333.19,330.23,333.1,330.14
1974,6,27195,19.744.548,332.26,330.02,332.49,330.27,332.26,330.02
1974,7,27225,19.745.370,331.18,330.48,331,330.32,331.18,330.48
1974,8,27256,19.746.219,329.4,330.74,329,330.37,329.4,330.74
1974,9,27287,19.747.068,327.44,330.48,327.37,330.42,327.44,330.48
1974,10,27317,19.747.890,327.38,330.53,327.34,330.48,327.38,330.53
1974,11,27348,19.748.740,328.46,330.44,328.58,330.53,328.46,330.44
1974,12,27378,19.749.562,329.58,330.39,329.8,330.6,329.58,330.39
1975,1,27409,19.750.411,330.41,330.36,330.72,330.67,330.41,330.36
1975,2,27440,19.751.260,331.41,330.74,331.43,330.75,331.41,330.74
1975,3,27468,19.752.027,332.05,330.7,332.19,330.83,332.05,330.7
1975,4,27499,19.752.877,333.32,330.88,333.37,330.92,333.32,330.88
1975,5,27529,19.753.699,333.98,331.01,333.99,331.02,333.98,331.01
1975,6,27560,19.754.548,333.61,331.37,333.35,331.12,333.61,331.37
1975,7,27590,19.755.370,331.91,331.21,331.89,331.21,331.91,331.21
1975,8,27621,19.756.219,330.06,331.41,329.93,331.31,330.06,331.41
1975,9,27652,19.757.068,328.57,331.62,328.33,331.4,328.57,331.62
1975,10,27682,19.757.890,328.35,331.51,328.34,331.49,328.35,331.51
1975,11,27713,19.758.740,329.5,331.48,329.61,331.57,329.5,331.48
1975,12,27743,19.759.562,330.77,331.58,330.86,331.65,330.77,331.58
1976,1,27774,19.760.410,331.76,331.71,331.79,331.73,331.76,331.71
1976,2,27805,19.761.257,332.58,331.91,332.49,331.81,332.58,331.91
1976,3,27834,19.762.049,333.5,332.13,333.28,331.89,333.5,332.13
1976,4,27865,19.762.896,334.59,332.13,334.44,331.96,334.59,332.13
1976,5,27895,19.763.716,334.89,331.91,335.02,332.04,334.89,331.91
1976,6,27926,19.764.563,334.34,332.11,334.34,332.12,334.34,332.11
1976,7,27956,19.765.383,333.06,332.38,332.86,332.21,333.06,332.38
1976,8,27987,19.766.230,330.95,332.33,330.89,332.3,330.95,332.33
1976,9,28018,19.767.077,329.31,332.38,329.32,332.41,329.31,332.38
1976,10,28048,19.767.896,328.95,332.12,329.36,332.52,328.95,332.12
1976,11,28079,19.768.743,330.32,332.3,330.68,332.65,330.32,332.3
1976,12,28109,19.769.563,331.69,332.5,331.99,332.79,331.69,332.5
1977,1,28140,19.770.411,332.94,332.89,333,332.95,332.94,332.89
1977,2,28171,19.771.260,333.43,332.76,333.8,333.12,333.43,332.76
1977,3,28199,19.772.027,334.71,333.35,334.66,333.28,334.71,333.35
1977,4,28230,19.772.877,336.08,333.63,335.93,333.47,336.08,333.63
1977,5,28260,19.773.699,336.76,333.77,336.64,333.65,336.76,333.77
1977,6,28291,19.774.548,336.28,334.01,336.07,333.83,336.28,334.01
1977,7,28321,19.775.370,334.93,334.22,334.68,334,334.93,334.22
1977,8,28352,19.776.219,332.76,334.12,332.78,334.17,332.76,334.12
1977,9,28383,19.777.068,331.6,334.67,331.24,334.33,331.6,334.67
1977,10,28413,19.777.890,331.17,334.35,331.3,334.47,331.17,334.35
1977,11,28444,19.778.740,332.41,334.41,332.64,334.61,332.41,334.41
1977,12,28474,19.779.562,333.86,334.67,333.95,334.75,333.86,334.67
1978,1,28505,19.780.411,334.98,334.93,334.95,334.89,334.98,334.93
1978,2,28536,19.781.260,335.4,334.72,335.71,335.02,335.4,334.72
1978,3,28564,19.782.027,336.65,335.29,336.52,335.14,336.65,335.29
1978,4,28595,19.782.877,337.77,335.31,337.74,335.27,337.77,335.31
1978,5,28625,19.783.699,338.02,335.02,338.38,335.39,338.02,335.02
1978,6,28656,19.784.548,337.91,335.64,337.75,335.5,337.91,335.64
1978,7,28686,19.785.370,336.55,335.84,336.29,335.61,336.55,335.84
1978,8,28717,19.786.219,334.69,336.05,334.32,335.71,334.69,336.05
1978,9,28748,19.787.068,332.77,335.85,332.71,335.81,332.77,335.85
1978,10,28778,19.787.890,332.56,335.75,332.72,335.9,332.56,335.75
1978,11,28809,19.788.740,333.93,335.93,334.02,336,333.93,335.93
1978,12,28839,19.789.562,334.96,335.78,335.3,336.1,334.96,335.78
1979,1,28870,19.790.411,336.24,336.19,336.26,336.21,336.24,336.19
1979,2,28901,19.791.260,336.77,336.09,337.01,336.32,336.77,336.09
1979,3,28929,19.792.027,337.97,336.6,337.81,336.43,337.97,336.6
1979,4,28960,19.792.877,338.89,336.43,339.04,336.55,338.89,336.43
1979,5,28990,19.793.699,339.48,336.48,339.69,336.68,339.48,336.48
1979,6,29021,19.794.548,339.3,337.02,339.08,336.82,339.3,337.02
1979,7,29051,19.795.370,337.74,337.02,337.64,336.95,337.74,337.02
1979,8,29082,19.796.219,336.1,337.46,335.7,337.09,336.1,337.46
1979,9,29113,19.797.068,333.93,337.02,334.13,337.24,333.93,337.02
1979,10,29143,19.797.890,333.87,337.08,334.19,337.38,333.87,337.08
1979,11,29174,19.798.740,335.3,337.31,335.55,337.54,335.3,337.31
1979,12,29204,19.799.562,336.74,337.56,336.89,337.7,336.74,337.56
1980,1,29235,19.800.410,338.03,337.99,337.92,337.87,338.03,337.99
1980,2,29266,19.801.257,338.37,337.69,338.72,338.03,338.37,337.69
1980,3,29295,19.802.049,340.09,338.69,339.6,338.19,340.09,338.69
1980,4,29326,19.802.896,340.78,338.28,340.86,338.35,340.78,338.28
1980,5,29356,19.803.716,341.48,338.47,341.52,338.5,341.48,338.47
1980,6,29387,19.804.563,341.18,338.92,340.89,338.65,341.18,338.92
1980,7,29417,19.805.383,339.57,338.88,339.45,338.79,339.57,338.88
1980,8,29448,19.806.230,337.61,339.01,337.49,338.92,337.61,339.01
1980,9,29479,19.807.077,335.9,339.01,335.91,339.04,335.9,339.01
1980,10,29509,19.807.896,336.03,339.24,335.95,339.15,336.03,339.24
1980,11,29540,19.808.743,337.12,339.13,337.27,339.26,337.12,339.13
1980,12,29570,19.809.563,338.23,339.06,338.56,339.36,338.23,339.06
1981,1,29601,19.810.411,339.25,339.2,339.53,339.47,339.25,339.2
1981,2,29632,19.811.260,340.5,339.81,340.26,339.57,340.5,339.81
1981,3,29660,19.812.027,341.4,340.02,341.05,339.66,341.4,340.02
1981,4,29691,19.812.877,342.52,340.04,342.25,339.75,342.52,340.04
1981,5,29721,19.813.699,342.93,339.9,342.86,339.83,342.93,339.9
1981,6,29752,19.814.548,342.27,339.98,342.19,339.92,342.27,339.98
1981,7,29782,19.815.370,340.5,339.78,340.69,340,340.5,339.78
1981,8,29813,19.816.219,338.45,339.82,338.68,340.09,338.45,339.82
1981,9,29844,19.817.068,336.71,339.83,337.06,340.19,336.71,339.83
1981,10,29874,19.817.890,336.88,340.1,337.08,340.29,336.88,340.1
1981,11,29905,19.818.740,338.38,340.4,338.4,340.4,338.38,340.4
1981,12,29935,19.819.562,339.63,340.46,339.7,340.51,339.63,340.46
1982,1,29966,19.820.411,340.77,340.73,340.67,340.62,340.77,340.73
1982,2,29997,19.821.260,341.63,340.95,341.42,340.72,341.63,340.95
1982,3,30025,19.822.027,342.72,341.34,342.21,340.81,342.72,341.34
1982,4,30056,19.822.877,343.59,341.1,343.41,340.9,343.59,341.1
1982,5,30086,19.823.699,344.16,341.12,344.02,340.98,344.16,341.12
1982,6,30117,19.824.548,343.37,341.07,343.34,341.06,343.37,341.07
1982,7,30147,19.825.370,342.07,341.35,341.83,341.14,342.07,341.35
1982,8,30178,19.826.219,339.83,341.21,339.81,341.22,339.83,341.21
1982,9,30209,19.827.068,338,341.12,338.17,341.31,338,341.12
1982,10,30239,19.827.890,337.88,341.12,338.18,341.4,337.88,341.12
1982,11,30270,19.828.740,339.28,341.31,339.51,341.52,339.28,341.31
1982,12,30300,19.829.562,340.51,341.34,340.83,341.65,340.51,341.34
1983,1,30331,19.830.411,341.39,341.35,341.86,341.8,341.39,341.35
1983,2,30362,19.831.260,342.54,341.86,342.67,341.97,342.54,341.86
1983,3,30390,19.832.027,343.12,341.73,343.54,342.14,343.12,341.73
1983,4,30421,19.832.877,344.96,342.46,344.84,342.33,344.96,342.46
1983,5,30451,19.833.699,345.78,342.73,345.57,342.52,345.78,342.73
1983,6,30482,19.834.548,345.34,343.03,345,342.71,345.34,343.03
1983,7,30512,19.835.370,344,343.27,343.59,342.89,344,343.27
1983,8,30543,19.836.219,342.4,343.78,341.65,343.07,342.4,343.78
1983,9,30574,19.837.068,339.88,343.02,340.08,343.23,339.88,343.02
1983,10,30604,19.837.890,340,343.25,340.15,343.38,340,343.25
1983,11,30635,19.838.740,341.16,343.19,341.52,343.53,341.16,343.19
1983,12,30665,19.839.562,342.99,343.82,342.86,343.68,342.99,343.82
1984,1,30696,19.840.410,343.82,343.77,343.88,343.82,343.82,343.77
1984,2,30727,19.841.257,344.62,343.93,344.66,343.96,344.62,343.93
1984,3,30756,19.842.049,345.39,343.97,345.52,344.09,345.39,343.97
1984,4,30787,19.842.896,347.15,344.62,346.76,344.22,347.15,344.62
1984,5,30817,19.843.716,347.52,344.47,347.39,344.34,347.52,344.47
1984,6,30848,19.844.563,346.88,344.59,346.73,344.46,346.88,344.59
1984,7,30878,19.845.383,345.47,344.77,345.24,344.57,345.47,344.77
1984,8,30909,19.846.230,343.34,344.75,343.24,344.69,343.34,344.75
1984,9,30940,19.847.077,341.13,344.29,341.63,344.8,341.13,344.29
1984,10,30970,19.847.896,341.4,344.65,341.68,344.92,341.4,344.65
1984,11,31001,19.848.743,343.02,345.06,343.02,345.04,343.02,345.06
1984,12,31031,19.849.563,344.25,345.08,344.34,345.16,344.25,345.08
1985,1,31062,19.850.411,344.99,344.95,345.34,345.28,344.99,344.95
1985,2,31093,19.851.260,346.01,345.32,346.11,345.41,346.01,345.32
1985,3,31121,19.852.027,347.43,346.04,346.93,345.52,347.43,346.04
1985,4,31152,19.852.877,348.34,345.83,348.16,345.63,348.34,345.83
1985,5,31182,19.853.699,348.92,345.85,348.8,345.73,348.92,345.85
1985,6,31213,19.854.548,348.24,345.92,348.13,345.83,348.24,345.92
1985,7,31243,19.855.370,346.54,345.8,346.62,345.92,346.54,345.8
1985,8,31274,19.856.219,344.64,346.03,344.58,346,344.64,346.03
1985,9,31305,19.857.068,343.06,346.21,342.92,346.09,343.06,346.21
1985,10,31335,19.857.890,342.77,346.04,342.92,346.17,342.77,346.04
1985,11,31366,19.858.740,344.21,346.26,344.24,346.26,344.21,346.26
1985,12,31396,19.859.562,345.53,346.37,345.53,346.35,345.53,346.37
1986,1,31427,19.860.411,346.28,346.23,346.51,346.45,346.28,346.23
1986,2,31458,19.861.260,346.93,346.24,347.27,346.56,346.93,346.24
1986,3,31486,19.862.027,347.83,346.43,348.09,346.67,347.83,346.43
1986,4,31517,19.862.877,349.53,347.01,349.33,346.8,349.53,347.01
1986,5,31547,19.863.699,350.19,347.12,350,346.92,350.19,347.12
1986,6,31578,19.864.548,349.53,347.2,349.36,347.05,349.53,347.2
1986,7,31608,19.865.370,347.92,347.19,347.88,347.17,347.92,347.19
1986,8,31639,19.866.219,345.88,347.27,345.87,347.3,345.88,347.27
1986,9,31670,19.867.068,344.83,348,344.25,347.43,344.83,348
1986,10,31700,19.867.890,344.15,347.43,344.29,347.56,344.15,347.43
1986,11,31731,19.868.740,345.64,347.69,345.66,347.69,345.64,347.69
1986,12,31761,19.869.562,346.88,347.72,347,347.82,346.88,347.72
1987,1,31792,19.870.411,348,347.95,348.03,347.97,348,347.95
1987,2,31823,19.871.260,348.47,347.77,348.83,348.12,348.47,347.77
1987,3,31851,19.872.027,349.4,348,349.69,348.27,349.4,348
1987,4,31882,19.872.877,350.97,348.44,350.99,348.44,350.97,348.44
1987,5,31912,19.873.699,351.84,348.75,351.7,348.61,351.84,348.75
1987,6,31943,19.874.548,351.25,348.91,351.12,348.8,351.25,348.91
1987,7,31973,19.875.370,349.5,348.76,349.69,348.99,349.5,348.76
1987,8,32004,19.876.219,348.09,349.49,347.75,349.18,348.09,349.49
1987,9,32035,19.877.068,346.44,349.61,346.19,349.38,346.44,349.61
1987,10,32065,19.877.890,346.09,349.38,346.29,349.57,346.09,349.38
1987,11,32096,19.878.740,347.54,349.6,347.73,349.77,347.54,349.6
1987,12,32126,19.879.562,348.69,349.54,349.14,349.97,348.69,349.54
1988,1,32157,19.880.410,350.16,350.12,350.24,350.18,350.16,350.12
1988,2,32188,19.881.257,351.47,350.77,351.09,350.39,351.47,350.77
1988,3,32217,19.882.049,351.96,350.52,352.03,350.58,351.96,350.52
1988,4,32248,19.882.896,353.33,350.77,353.36,350.78,353.33,350.77
1988,5,32278,19.883.716,353.97,350.88,354.06,350.97,353.97,350.88
1988,6,32309,19.884.563,353.55,351.23,353.46,351.16,353.55,351.23
1988,7,32339,19.885.383,352.14,351.43,352.01,351.33,352.14,351.43
1988,8,32370,19.886.230,350.19,351.62,350.03,351.5,350.19,351.62
1988,9,32401,19.887.077,348.5,351.69,348.44,351.66,348.5,351.69
1988,10,32431,19.887.896,348.66,351.95,348.52,351.8,348.66,351.95
1988,11,32462,19.888.743,349.85,351.91,349.89,351.93,349.85,351.91
1988,12,32492,19.889.563,351.12,351.97,351.23,352.06,351.12,351.97
1989,1,32523,19.890.411,352.55,352.5,352.23,352.17,352.55,352.5
1989,2,32554,19.891.260,352.86,352.16,353,352.29,352.86,352.16
1989,3,32582,19.892.027,353.48,352.07,353.81,352.39,353.48,352.07
1989,4,32613,19.892.877,355.22,352.67,355.05,352.49,355.22,352.67
1989,5,32643,19.893.699,355.47,352.36,355.7,352.59,355.47,352.36
1989,6,32674,19.894.548,354.92,352.57,355.02,352.69,354.92,352.57
1989,7,32704,19.895.370,353.7,352.96,353.5,352.79,353.7,352.96
1989,8,32735,19.896.219,351.47,352.88,351.44,352.89,351.47,352.88
1989,9,32766,19.897.068,349.61,352.8,349.77,352.99,349.61,352.8
1989,10,32796,19.897.890,349.79,353.1,349.79,353.08,349.79,353.1
1989,11,32827,19.898.740,351.1,353.17,351.13,353.18,351.1,353.17
1989,12,32857,19.899.562,352.32,353.17,352.45,353.28,352.32,353.17
1990,1,32888,19.900.411,353.46,353.41,353.45,353.39,353.46,353.41
1990,2,32919,19.901.260,354.5,353.8,354.2,353.49,354.5,353.8
1990,3,32947,19.902.027,355.19,353.77,355.01,353.58,355.19,353.77
1990,4,32978,19.902.877,356,353.45,356.26,353.69,356,353.45
1990,5,33008,19.903.699,356.96,353.85,356.91,353.79,356.96,353.85
1990,6,33039,19.904.548,356.04,353.68,356.25,353.91,356.04,353.68
1990,7,33069,19.905.370,354.62,353.88,354.74,354.02,354.62,353.88
1990,8,33100,19.906.219,352.71,354.13,352.71,354.16,352.71,354.13
1990,9,33131,19.907.068,350.77,353.98,351.07,354.3,350.77,353.98
1990,10,33161,19.907.890,350.99,354.31,351.13,354.44,350.99,354.31
1990,11,33192,19.908.740,352.64,354.72,352.53,354.59,352.64,354.72
1990,12,33222,19.909.562,354.02,354.87,353.9,354.74,354.02,354.87
1991,1,33253,19.910.411,354.53,354.48,354.94,354.88,354.53,354.48
1991,2,33284,19.911.260,355.55,354.85,355.74,355.02,355.55,354.85
1991,3,33312,19.912.027,356.96,355.54,356.58,355.14,356.96,355.54
1991,4,33343,19.912.877,358.4,355.84,357.83,355.26,358.4,355.84
1991,5,33373,19.913.699,359.14,356.01,358.47,355.35,359.14,356.01
1991,6,33404,19.914.548,358.04,355.67,357.77,355.43,358.04,355.67
1991,7,33434,19.915.370,355.98,355.23,356.21,355.49,355.98,355.23
1991,8,33465,19.916.219,353.81,355.23,354.1,355.55,353.81,355.23
1991,9,33496,19.917.068,351.95,355.17,352.37,355.61,351.95,355.17
1991,10,33526,19.917.890,352.02,355.35,352.35,355.67,352.02,355.35
1991,11,33557,19.918.740,353.55,355.64,353.67,355.73,353.55,355.64
1991,12,33587,19.919.562,354.79,355.64,354.96,355.8,354.79,355.64
1992,1,33618,19.920.410,355.79,355.74,355.93,355.87,355.79,355.74
1992,2,33649,19.921.257,356.52,355.82,356.65,355.94,356.52,355.82
1992,3,33678,19.922.049,357.61,356.16,357.47,356,357.61,356.16
1992,4,33709,19.922.896,358.95,356.36,358.68,356.07,358.95,356.36
1992,5,33739,19.923.716,359.46,356.33,359.25,356.12,359.46,356.33
1992,6,33770,19.924.563,359.05,356.7,358.49,356.16,359.05,356.7
1992,7,33800,19.925.383,356.82,356.1,356.89,356.2,356.82,356.1
1992,8,33831,19.926.230,354.8,356.25,354.75,356.23,354.8,356.25
1992,9,33862,19.927.077,352.81,356.04,353.01,356.26,352.81,356.04
1992,10,33892,19.927.896,353.11,356.44,352.97,356.29,353.11,356.44
1992,11,33923,19.928.743,353.96,356.05,354.27,356.33,353.96,356.05
1992,12,33953,19.929.563,355.2,356.06,355.54,356.37,355.2,356.06
1993,1,33984,19.930.411,356.5,356.45,356.49,356.43,356.5,356.45
1993,2,34015,19.931.260,356.97,356.26,357.21,356.49,356.97,356.26
1993,3,34043,19.932.027,358.18,356.75,358,356.55,358.18,356.75
1993,4,34074,19.932.877,359.26,356.68,359.22,356.63,359.26,356.68
1993,5,34104,19.933.699,360.08,356.94,359.85,356.71,360.08,356.94
1993,6,34135,19.934.548,359.4,357.01,359.16,356.8,359.4,357.01
1993,7,34165,19.935.370,357.38,356.62,357.62,356.9,357.38,356.62
1993,8,34196,19.936.219,355.33,356.75,355.55,357.01,355.33,356.75
1993,9,34227,19.937.068,353.5,356.74,353.89,357.14,353.5,356.74
1993,10,34257,19.937.890,353.8,357.15,353.94,357.28,353.8,357.15
1993,11,34288,19.938.740,355.14,357.25,355.36,357.44,355.14,357.25
1993,12,34318,19.939.562,356.62,357.48,356.75,357.59,356.62,357.48
1994,1,34349,19.940.411,358.19,358.14,357.82,357.76,358.19,358.14
1994,2,34380,19.941.260,358.73,358.02,358.66,357.93,358.73,358.02
1994,3,34408,19.942.027,359.79,358.35,359.54,358.09,359.79,358.35
1994,4,34439,19.942.877,361.09,358.5,360.86,358.26,361.09,358.5
1994,5,34469,19.943.699,361.52,358.36,361.58,358.42,361.52,358.36
1994,6,34500,19.944.548,360.77,358.38,360.96,358.59,360.77,358.38
1994,7,34530,19.945.370,359.38,358.62,359.48,358.75,359.38,358.62
1994,8,34561,19.946.219,357.31,358.74,357.46,358.93,357.31,358.74
1994,9,34592,19.947.068,355.68,358.92,355.85,359.11,355.68,358.92
1994,10,34622,19.947.890,355.83,359.19,355.94,359.29,355.83,359.19
1994,11,34653,19.948.740,357.42,359.53,357.39,359.47,357.42,359.53
1994,12,34683,19.949.562,358.88,359.74,358.81,359.65,358.88,359.74
1995,1,34714,19.950.411,359.81,359.76,359.9,359.84,359.81,359.76
1995,2,34745,19.951.260,360.84,360.13,360.74,360.02,360.84,360.13
1995,3,34773,19.952.027,361.48,360.04,361.64,360.18,361.48,360.04
1995,4,34804,19.952.877,363.3,360.71,362.97,360.36,363.3,360.71
1995,5,34834,19.953.699,363.64,360.48,363.69,360.52,363.64,360.48
1995,6,34865,19.954.548,363.11,360.71,363.07,360.69,363.11,360.71
1995,7,34895,19.955.370,361.75,360.99,361.57,360.85,361.75,360.99
1995,8,34926,19.956.219,359.31,360.74,359.54,361.01,359.31,360.74
1995,9,34957,19.957.068,357.91,361.17,357.9,361.17,357.91,361.17
1995,10,34987,19.957.890,357.62,360.99,357.97,361.33,357.62,360.99
1995,11,35018,19.958.740,359.42,361.54,359.4,361.49,359.42,361.54
1995,12,35048,19.959.562,360.56,361.42,360.8,361.65,360.56,361.42
1996,1,35079,19.960.410,361.91,361.86,361.86,361.8,361.91,361.86
1996,2,35110,19.961.257,363.11,362.39,362.67,361.95,363.11,362.39
1996,3,35139,19.962.049,363.89,362.42,363.57,362.08,363.89,362.42
1996,4,35170,19.962.896,364.58,361.95,364.85,362.21,364.58,361.95
1996,5,35200,19.963.716,365.29,362.11,365.49,362.32,365.29,362.11
1996,6,35231,19.964.563,364.84,362.46,364.79,362.43,364.84,362.46
1996,7,35261,19.965.383,363.52,362.79,363.23,362.53,363.52,362.79
1996,8,35292,19.966.230,361.35,362.81,361.12,362.63,361.35,362.81
1996,9,35323,19.967.077,359.32,362.6,359.42,362.71,359.32,362.6
1996,10,35353,19.967.896,359.48,362.86,359.43,362.79,359.48,362.86
1996,11,35384,19.968.743,360.64,362.75,360.78,362.87,360.64,362.75
1996,12,35414,19.969.563,362.21,363.07,362.1,362.95,362.21,363.07
1997,1,35445,19.970.411,363.06,363.01,363.09,363.03,363.06,363.01
1997,2,35476,19.971.260,363.87,363.15,363.85,363.12,363.87,363.15
1997,3,35504,19.972.027,364.44,363,364.67,363.21,364.44,363
1997,4,35535,19.972.877,366.23,363.62,365.94,363.31,366.23,363.62
1997,5,35565,19.973.699,366.68,363.49,366.61,363.43,366.68,363.49
1997,6,35596,19.974.548,365.52,363.1,365.96,363.57,365.52,363.1
1997,7,35626,19.975.370,364.36,363.6,364.44,363.72,364.36,363.6
1997,8,35657,19.976.219,362.39,363.83,362.41,363.89,362.39,363.83
1997,9,35688,19.977.068,360.08,363.35,360.8,364.1,360.08,363.35
1997,10,35718,19.977.890,360.67,364.06,360.93,364.31,360.67,364.06
1997,11,35749,19.978.740,362.32,364.45,362.45,364.56,362.32,364.45
1997,12,35779,19.979.562,364.17,365.04,363.95,364.81,364.17,365.04
1998,1,35810,19.980.411,365.22,365.17,365.14,365.08,365.22,365.17
1998,2,35841,19.981.260,366.04,365.32,366.08,365.35,366.04,365.32
1998,3,35869,19.982.027,367.2,365.75,367.07,365.6,367.2,365.75
1998,4,35900,19.982.877,368.5,365.88,368.52,365.88,368.5,365.88
1998,5,35930,19.983.699,369.19,366,369.34,366.14,369.19,366
1998,6,35961,19.984.548,368.77,366.35,368.8,366.4,368.77,366.35
1998,7,35991,19.985.370,367.53,366.77,367.38,366.65,367.53,366.77
1998,8,36022,19.986.219,365.67,367.12,365.4,366.88,365.67,367.12
1998,9,36053,19.987.068,363.8,367.09,363.8,367.1,363.8,367.09
1998,10,36083,19.987.890,364.13,367.54,363.9,367.29,364.13,367.54
1998,11,36114,19.988.740,365.36,367.49,365.36,367.47,365.36,367.49
1998,12,36144,19.989.562,366.87,367.74,366.77,367.62,366.87,367.74
1999,1,36175,19.990.411,368.05,368,367.82,367.76,368.05,368
1999,2,36206,19.991.260,368.77,368.05,368.6,367.87,368.77,368.05
1999,3,36234,19.992.027,369.49,368.03,369.43,367.95,369.49,368.03
1999,4,36265,19.992.877,371.04,368.41,370.68,368.04,371.04,368.41
1999,5,36295,19.993.699,370.9,367.7,371.31,368.11,370.9,367.7
1999,6,36326,19.994.548,370.25,367.82,370.58,368.18,370.25,367.82
1999,7,36356,19.995.370,369.17,368.4,368.98,368.24,369.17,368.4
1999,8,36387,19.996.219,366.83,368.29,366.83,368.32,366.83,368.29
1999,9,36418,19.997.068,364.54,367.84,365.08,368.39,364.54,367.84
1999,10,36448,19.997.890,365.04,368.45,365.07,368.47,365.04,368.45
1999,11,36479,19.998.740,366.58,368.72,366.44,368.56,366.58,368.72
1999,12,36509,19.999.562,367.92,368.79,367.78,368.64,367.92,368.79
2000,1,36540,20.000.410,369.05,369,368.79,368.73,369.05,369
2000,2,36571,20.001.257,369.37,368.65,369.56,368.83,369.37,368.65
2000,3,36600,20.002.049,370.42,368.93,370.43,368.92,370.42,368.93
2000,4,36631,20.002.896,371.57,368.91,371.71,369.03,371.57,368.91
2000,5,36661,20.003.716,371.74,368.52,372.36,369.15,371.74,368.52
2000,6,36692,20.004.563,371.6,369.19,371.67,369.28,371.6,369.19
2000,7,36722,20.005.383,370.02,369.29,370.12,369.42,370.02,369.29
2000,8,36753,20.006.230,368.03,369.51,368.04,369.56,368.03,369.51
2000,9,36784,20.007.077,366.53,369.85,366.37,369.71,366.53,369.85
2000,10,36814,20.007.896,366.64,370.06,366.44,369.85,366.64,370.06
2000,11,36845,20.008.743,368.2,370.35,367.87,369.99,368.2,370.35
2000,12,36875,20.009.563,369.44,370.32,369.26,370.12,369.44,370.32
2001,1,36906,20.010.411,370.2,370.15,370.31,370.25,370.2,370.15
2001,2,36937,20.011.260,371.42,370.69,371.11,370.37,371.42,370.69
2001,3,36965,20.012.027,372.04,370.57,371.96,370.48,372.04,370.57
2001,4,36996,20.012.877,372.78,370.14,373.26,370.6,372.78,370.14
2001,5,37026,20.013.699,373.94,370.71,373.94,370.72,373.94,370.71
2001,6,37057,20.014.548,373.23,370.78,373.27,370.85,373.23,370.78
2001,7,37087,20.015.370,371.54,370.77,371.72,370.98,371.54,370.77
2001,8,37118,20.016.219,369.47,370.93,369.63,371.13,369.47,370.93
2001,9,37149,20.017.068,367.88,371.2,367.94,371.28,367.88,371.2
2001,10,37179,20.017.890,368.01,371.45,368.01,371.44,368.01,371.45
2001,11,37210,20.018.740,369.6,371.75,369.47,371.6,369.6,371.75
2001,12,37240,20.019.562,371.16,372.04,370.9,371.76,371.16,372.04
2002,1,37271,20.020.411,372.36,372.31,371.99,371.93,372.36,372.31
2002,2,37302,20.021.260,373,372.27,372.84,372.1,373,372.27
2002,3,37330,20.022.027,373.44,371.97,373.75,372.27,373.44,371.97
2002,4,37361,20.022.877,374.77,372.12,375.12,372.45,374.77,372.12
2002,5,37391,20.023.699,375.48,372.25,375.88,372.65,375.48,372.25
2002,6,37422,20.024.548,375.33,372.88,375.29,372.86,375.33,372.88
2002,7,37452,20.025.370,373.95,373.18,373.81,373.07,373.95,373.18
2002,8,37483,20.026.219,371.41,372.88,371.8,373.3,371.41,372.88
2002,9,37514,20.027.068,370.63,373.96,370.19,373.53,370.63,373.96
2002,10,37544,20.027.890,370.18,373.62,370.33,373.76,370.18,373.62
2002,11,37575,20.028.740,372.01,374.17,371.86,374,372.01,374.17
2002,12,37605,20.029.562,373.71,374.6,373.35,374.22,373.71,374.6
2003,1,37636,20.030.411,374.61,374.56,374.51,374.44,374.61,374.56
2003,2,37667,20.031.260,375.55,374.82,375.4,374.66,375.55,374.82
2003,3,37695,20.032.027,376.04,374.56,376.35,374.86,376.04,374.56
2003,4,37726,20.032.877,377.58,374.92,377.75,375.07,377.58,374.92
2003,5,37756,20.033.699,378.28,375.04,378.52,375.27,378.28,375.04
2003,6,37787,20.034.548,378.07,375.61,377.91,375.48,378.07,375.61
2003,7,37817,20.035.370,376.54,375.77,376.41,375.67,376.54,375.77
2003,8,37848,20.036.219,374.42,375.89,374.35,375.86,374.42,375.89
2003,9,37879,20.037.068,372.92,376.26,372.69,376.04,372.92,376.26
2003,10,37909,20.037.890,372.94,376.4,372.76,376.21,372.94,376.4
2003,11,37940,20.038.740,374.29,376.45,374.22,376.37,374.29,376.45
2003,12,37970,20.039.562,375.63,376.51,375.65,376.51,375.63,376.51
2004,1,38001,20.040.410,376.73,376.68,376.72,376.65,376.73,376.68
2004,2,38032,20.041.257,377.31,376.57,377.53,376.79,377.31,376.57
2004,3,38061,20.042.049,378.33,376.83,378.43,376.91,378.33,376.83
2004,4,38092,20.042.896,380.44,377.75,379.74,377.03,380.44,377.75
2004,5,38122,20.043.716,380.56,377.3,380.39,377.14,380.56,377.3
2004,6,38153,20.044.563,379.49,377.05,379.68,377.26,379.49,377.05
2004,7,38183,20.045.383,377.71,376.96,378.09,377.38,377.71,376.96
2004,8,38214,20.046.230,375.77,377.28,375.98,377.52,375.77,377.28
2004,9,38245,20.047.077,373.99,377.35,374.29,377.67,373.99,377.35
2004,10,38275,20.047.896,374.17,377.63,374.38,377.83,374.17,377.63
2004,11,38306,20.048.743,375.79,377.96,375.87,378.02,375.79,377.96
2004,12,38336,20.049.563,377.39,378.28,377.34,378.2,377.39,378.28
2005,1,38367,20.050.411,378.29,378.24,378.47,378.41,378.29,378.24
2005,2,38398,20.051.260,379.56,378.82,379.37,378.62,379.56,378.82
2005,3,38426,20.052.027,380.06,378.57,380.32,378.82,380.06,378.57
2005,4,38457,20.052.877,382.02,379.34,381.74,379.04,382.02,379.34
2005,5,38487,20.053.699,382.21,378.94,382.52,379.26,382.21,378.94
2005,6,38518,20.054.548,382.05,379.57,381.93,379.48,382.05,379.57
2005,7,38548,20.055.370,380.63,379.85,380.44,379.69,380.63,379.85
2005,8,38579,20.056.219,378.64,380.12,378.39,379.91,378.64,380.12
2005,9,38610,20.057.068,376.38,379.74,376.74,380.12,376.38,379.74
2005,10,38640,20.057.890,376.77,380.25,376.85,380.32,376.77,380.25
2005,11,38671,20.058.740,378.27,380.45,378.36,380.52,378.27,380.45
2005,12,38701,20.059.562,379.93,380.82,379.83,380.7,379.93,380.82
2006,1,38732,20.060.411,381.33,381.28,380.95,380.89,381.33,381.28
2006,2,38763,20.061.260,381.98,381.24,381.81,381.06,381.98,381.24
2006,3,38791,20.062.027,382.53,381.04,382.71,381.21,382.53,381.04
2006,4,38822,20.062.877,384.33,381.65,384.06,381.36,384.33,381.65
2006,5,38852,20.063.699,384.89,381.62,384.78,381.51,384.89,381.62
2006,6,38883,20.064.548,383.99,381.51,384.11,381.65,383.99,381.51
2006,7,38913,20.065.370,382.25,381.47,382.54,381.8,382.25,381.47
2006,8,38944,20.066.219,380.44,381.93,380.42,381.95,380.44,381.93
2006,9,38975,20.067.068,378.77,382.14,378.71,382.1,378.77,382.14
2006,10,39005,20.067.890,379.03,382.52,378.77,382.24,379.03,382.52
2006,11,39036,20.068.740,380.11,382.3,380.23,382.39,380.11,382.3
2006,12,39066,20.069.562,381.63,382.52,381.66,382.54,381.63,382.52
2007,1,39097,20.070.411,382.55,382.5,382.75,382.69,382.55,382.5
2007,2,39128,20.071.260,383.68,382.94,383.6,382.84,383.68,382.94
2007,3,39156,20.072.027,384.31,382.81,384.5,382.99,384.31,382.81
2007,4,39187,20.072.877,386.2,383.5,385.86,383.15,386.2,383.5
2007,5,39217,20.073.699,386.38,383.1,386.59,383.3,386.38,383.1
2007,6,39248,20.074.548,385.85,383.36,385.93,383.46,385.85,383.36
2007,7,39278,20.075.370,384.42,383.63,384.37,383.62,384.42,383.63
2007,8,39309,20.076.219,381.81,383.3,382.26,383.79,381.81,383.3
2007,9,39340,20.077.068,380.83,384.21,380.56,383.95,380.83,384.21
2007,10,39370,20.077.890,380.83,384.33,380.62,384.11,380.83,384.33
2007,11,39401,20.078.740,382.32,384.52,382.1,384.27,382.32,384.52
2007,12,39431,20.079.562,383.58,384.48,383.53,384.41,383.58,384.48
2008,1,39462,20.080.410,385.04,384.99,384.62,384.56,385.04,384.99
2008,2,39493,20.081.257,385.81,385.07,385.46,384.7,385.81,385.07
2008,3,39522,20.082.049,385.8,384.28,386.38,384.84,385.8,384.28
2008,4,39553,20.082.896,386.74,384.01,387.74,384.99,386.74,384.01
2008,5,39583,20.083.716,388.49,385.19,388.44,385.15,388.49,385.19
2008,6,39614,20.084.563,388.02,385.55,387.77,385.32,388.02,385.55
2008,7,39644,20.085.383,386.22,385.47,386.21,385.49,386.22,385.47
2008,8,39675,20.086.230,384.05,385.57,384.1,385.66,384.05,385.57
2008,9,39706,20.087.077,383.05,386.45,382.41,385.83,383.05,386.45
2008,10,39736,20.087.896,382.75,386.25,382.49,385.98,382.75,386.25
2008,11,39767,20.088.743,383.98,386.18,383.97,386.14,383.98,386.18
2008,12,39797,20.089.563,385.08,385.98,385.41,386.29,385.08,385.98
2009,1,39828,20.090.411,386.63,386.57,386.51,386.45,386.63,386.57
2009,2,39859,20.091.260,387.1,386.36,387.36,386.61,387.1,386.36
2009,3,39887,20.092.027,388.5,387,388.27,386.75,388.5,387
2009,4,39918,20.092.877,389.54,386.83,389.65,386.92,389.54,386.83
2009,5,39948,20.093.699,390.15,386.84,390.39,387.09,390.15,386.84
2009,6,39979,20.094.548,389.6,387.1,389.75,387.27,389.6,387.1
2009,7,40009,20.095.370,388.05,387.26,388.21,387.46,388.05,387.26
2009,8,40040,20.096.219,386.07,387.56,386.13,387.66,386.07,387.56
2009,9,40071,20.097.068,384.64,388.04,384.46,387.88,384.64,388.04
2009,10,40101,20.097.890,384.32,387.84,384.58,388.09,384.32,387.84
2009,11,40132,20.098.740,386.05,388.25,386.13,388.32,386.05,388.25
2009,12,40162,20.099.562,387.49,388.39,387.65,388.54,387.49,388.39
2010,1,40193,20.100.411,388.55,388.5,388.83,388.77,388.55,388.5
2010,2,40224,20.101.260,390.08,389.33,389.75,388.99,390.08,389.33
2010,3,40252,20.102.027,391.02,389.51,390.72,389.19,391.02,389.51
2010,4,40283,20.102.877,392.39,389.67,392.14,389.4,392.39,389.67
2010,5,40313,20.103.699,393.24,389.92,392.91,389.6,393.24,389.92
2010,6,40344,20.104.548,392.26,389.75,392.27,389.78,392.26,389.75
2010,7,40374,20.105.370,390.35,389.56,390.71,389.96,390.35,389.56
2010,8,40405,20.106.219,388.53,390.03,388.59,390.13,388.53,390.03
2010,9,40436,20.107.068,386.85,390.26,386.87,390.3,386.85,390.26
2010,10,40466,20.107.890,387.18,390.71,386.94,390.46,387.18,390.71
2010,11,40497,20.108.740,388.69,390.91,388.42,390.61,388.69,390.91
2010,12,40527,20.109.562,389.83,390.74,389.86,390.75,389.83,390.74
2011,1,40558,20.110.411,391.33,391.27,390.95,390.88,391.33,391.27
2011,2,40589,20.111.260,391.96,391.21,391.78,391.01,391.96,391.21
2011,3,40617,20.112.027,392.49,390.98,392.66,391.13,392.49,390.98
2011,4,40648,20.112.877,393.41,390.68,394.01,391.27,393.41,390.68
2011,5,40678,20.113.699,394.33,391,394.74,391.42,394.33,391
2011,6,40709,20.114.548,393.75,391.23,394.07,391.58,393.75,391.23
2011,7,40739,20.115.370,392.64,391.85,392.5,391.74,392.64,391.85
2011,8,40770,20.116.219,390.25,391.75,390.38,391.92,390.25,391.75
2011,9,40801,20.117.068,389.05,392.47,388.67,392.11,389.05,392.47
2011,10,40831,20.117.890,388.98,392.52,388.76,392.29,388.98,392.52
2011,11,40862,20.118.740,390.3,392.52,390.28,392.47,390.3,392.52
2011,12,40892,20.119.562,391.86,392.77,391.76,392.65,391.86,392.77
2012,1,40923,20.120.410,393.13,393.08,392.9,392.84,393.13,393.08
2012,2,40954,20.121.257,393.42,392.67,393.79,393.03,393.42,392.67
2012,3,40983,20.122.049,394.43,392.89,394.78,393.21,394.43,392.89
2012,4,41014,20.122.896,396.51,393.75,396.2,393.42,396.51,393.75
2012,5,41044,20.123.716,396.96,393.62,396.95,393.62,396.96,393.62
2012,6,41075,20.124.563,395.97,393.47,396.32,393.84,395.97,393.47
2012,7,41105,20.125.383,394.6,393.84,394.79,394.06,394.6,393.84
2012,8,41136,20.126.230,392.61,394.15,392.72,394.3,392.61,394.15
2012,9,41167,20.127.077,391.2,394.64,391.08,394.54,391.2,394.64
2012,10,41197,20.127.896,391.09,394.63,391.25,394.78,391.09,394.63
2012,11,41228,20.128.743,393.03,395.25,392.83,395.02,393.03,395.25
2012,12,41258,20.129.563,394.42,395.33,394.36,395.25,394.42,395.33
2013,1,41289,20.130.411,395.69,395.64,395.55,395.49,395.69,395.64
2013,2,41320,20.131.260,396.94,396.19,396.48,395.72,396.94,396.19
2013,3,41348,20.132.027,397.35,395.83,397.45,395.91,397.35,395.83
2013,4,41379,20.132.877,398.44,395.7,398.89,396.13,398.44,395.7
2013,5,41409,20.133.699,400.06,396.72,399.67,396.33,400.06,396.72
2013,6,41440,20.134.548,398.95,396.42,399.04,396.53,398.95,396.42
2013,7,41470,20.135.370,397.45,396.66,397.49,396.72,397.45,396.66
2013,8,41501,20.136.219,395.49,397,395.36,396.92,395.49,397
2013,9,41532,20.137.068,393.48,396.92,393.65,397.11,393.48,396.92
2013,10,41562,20.137.890,393.77,397.34,393.74,397.29,393.77,397.34
2013,11,41593,20.138.740,395.27,397.51,395.26,397.47,395.27,397.51
2013,12,41623,20.139.562,396.9,397.81,396.75,397.64,396.9,397.81
2014,1,41654,20.140.411,398.01,397.95,397.88,397.81,398.01,397.95
2014,2,41685,20.141.260,398.18,397.42,398.75,397.98,398.18,397.42
2014,3,41713,20.142.027,399.56,398.04,399.68,398.14,399.56,398.04
2014,4,41744,20.142.877,401.44,398.69,401.07,398.3,401.44,398.69
2014,5,41774,20.143.699,401.99,398.63,401.82,398.46,401.99,398.63
2014,6,41805,20.144.548,401.41,398.87,401.14,398.62,401.41,398.87
2014,7,41835,20.145.370,399.17,398.37,399.54,398.78,399.17,398.37
2014,8,41866,20.146.219,397.3,398.82,397.38,398.94,397.3,398.82
2014,9,41897,20.147.068,395.49,398.94,395.63,399.1,395.49,398.94
2014,10,41927,20.147.890,395.74,399.31,395.7,399.26,395.74,399.31
2014,11,41958,20.148.740,397.32,399.56,397.22,399.43,397.32,399.56
2014,12,41988,20.149.562,398.89,399.8,398.7,399.6,398.89,399.8
2015,1,42019,20.150.411,399.94,399.89,399.83,399.77,399.94,399.89
2015,2,42050,20.151.260,400.39,399.63,400.71,399.94,400.39,399.63
2015,3,42078,20.152.027,401.6,400.07,401.66,400.11,401.6,400.07
2015,4,42109,20.152.877,403.53,400.77,403.08,400.3,403.53,400.77
2015,5,42139,20.153.699,404.04,400.67,403.86,400.5,404.04,400.67
2015,6,42170,20.154.548,402.81,400.26,403.25,400.72,402.81,400.26
2015,7,42200,20.155.370,401.54,400.73,401.72,400.95,401.54,400.73
2015,8,42231,20.156.219,398.93,400.45,399.65,401.22,398.93,400.45
2015,9,42262,20.157.068,397.43,400.89,398.03,401.5,397.43,400.89
2015,10,42292,20.157.890,398.21,401.8,398.23,401.8,398.21,401.8
2015,11,42323,20.158.740,400.17,402.42,399.89,402.11,400.17,402.42
2015,12,42353,20.159.562,401.82,402.74,401.52,402.42,401.82,402.74
2016,1,42384,20.160.410,402.58,402.53,402.8,402.74,402.58,402.53
2016,2,42415,20.161.257,404.09,403.33,403.82,403.05,404.09,403.33
2016,3,42444,20.162.049,404.79,403.22,404.9,403.32,404.79,403.22
2016,4,42475,20.162.896,407.5,404.7,406.41,403.6,407.5,404.7
2016,5,42505,20.163.716,407.59,404.22,407.22,403.85,407.59,404.22
2016,6,42536,20.164.563,406.94,404.41,406.6,404.09,406.94,404.41
2016,7,42566,20.165.383,404.43,403.66,405.05,404.32,404.43,403.66
2016,8,42597,20.166.230,402.17,403.73,402.94,404.54,402.17,403.73
2016,9,42628,20.167.077,400.94,404.43,401.26,404.76,400.94,404.43
2016,10,42658,20.167.896,401.43,405.02,401.4,404.97,401.43,405.02
2016,11,42689,20.168.743,403.57,405.82,402.96,405.18,403.57,405.82
2016,12,42719,20.169.563,404.48,405.4,404.48,405.38,404.48,405.4
2017,1,42750,20.170.411,406,405.95,405.63,405.57,406,405.95
2017,2,42781,20.171.260,406.57,405.81,406.52,405.75,406.57,405.81
2017,3,42809,20.172.027,406.99,405.45,407.46,405.9,406.99,405.45
2017,4,42840,20.172.877,408.88,406.11,408.87,406.07,408.88,406.11
2017,5,42870,20.173.699,409.84,406.46,409.62,406.23,409.84,406.46
2017,6,42901,20.174.548,409.05,406.49,408.94,406.4,409.05,406.49
2017,7,42931,20.175.370,407.13,406.32,407.32,406.55,407.13,406.32
2017,8,42962,20.176.219,405.17,406.7,405.14,406.71,405.17,406.7
2017,9,42993,20.177.068,403.2,406.68,403.37,406.86,403.2,406.68
2017,10,43023,20.177.890,403.57,407.18,403.43,407.02,403.57,407.18
2017,11,43054,20.178.740,405.1,407.36,404.94,407.17,405.1,407.36
2017,12,43084,20.179.562,406.68,407.61,406.42,407.32,406.68,407.61
2018,1,43115,20.180.411,407.98,407.93,407.54,407.48,407.98,407.93
2018,2,43146,20.181.260,408.36,407.59,408.41,407.63,408.36,407.59
2018,3,43174,20.182.027,409.21,407.66,409.34,407.78,409.21,407.66
2018,4,43205,20.182.877,410.24,407.45,410.76,407.96,410.24,407.45
2018,5,43235,20.183.699,411.23,407.84,411.55,408.15,411.23,407.84
2018,6,43266,20.184.548,410.81,408.24,410.92,408.37,410.81,408.24
2018,7,43296,20.185.370,408.83,408.02,409.38,408.6,408.83,408.02
2018,8,43327,20.186.219,407.02,408.56,407.28,408.86,407.02,408.56
2018,9,43358,20.187.068,405.52,409.02,405.62,409.13,405.52,409.02
2018,10,43388,20.187.890,405.93,409.54,405.79,409.39,405.93,409.54
2018,11,43419,20.188.740,408.04,410.31,407.43,409.67,408.04,410.31
2018,12,43449,20.189.562,409.17,410.09,409.02,409.93,409.17,410.09
2019,1,43480,20.190.411,410.85,410.8,410.25,410.18,410.85,410.8
2019,2,43511,20.191.260,411.59,410.82,411.2,410.42,411.59,410.82
2019,3,43539,20.192.027,411.91,410.36,412.2,410.64,411.91,410.36
2019,4,43570,20.192.877,413.46,410.67,413.67,410.86,413.46,410.67
2019,5,43600,20.193.699,414.76,411.36,414.48,411.08,414.76,411.36
2019,6,43631,20.194.548,413.89,411.31,413.86,411.3,413.89,411.31
2019,7,43661,20.195.370,411.78,410.97,412.29,411.52,411.78,410.97
2019,8,43692,20.196.219,410.01,411.56,410.16,411.74,410.01,411.56
2019,9,43723,20.197.068,408.48,411.98,408.44,411.96,408.48,411.98
2019,10,43753,20.197.890,408.39,412.02,408.57,412.18,408.39,412.02
2019,11,43784,20.198.740,410.16,412.44,410.16,412.41,410.16,412.44
2019,12,43814,20.199.562,411.81,412.74,411.71,412.62,411.81,412.74
2020,1,43845,20.200.410,413.3,413.25,412.9,412.84,413.3,413.25
2020,2,43876,20.201.257,414.05,413.28,413.83,413.05,414.05,413.28
2020,3,43905,20.202.049,414.45,412.87,414.84,413.24,414.45,412.87
2020,4,43936,20.202.896,416.11,413.29,416.29,413.45,416.11,413.29
2020,5,43966,20.203.716,417.15,413.74,417.06,413.65,417.15,413.74
2020,6,43997,20.204.563,416.29,413.73,416.39,413.85,416.29,413.73
2020,7,44027,20.205.383,414.42,413.64,414.8,414.05,414.42,413.64
2020,8,44058,20.206.230,412.52,414.1,412.64,414.26,412.52,414.1
2020,9,44089,20.207.077,411.18,414.7,410.92,414.46,411.18,414.7
2020,10,44119,20.207.896,411.12,414.75,411.03,414.64,411.12,414.75
2020,11,44150,20.208.743,412.88,415.16,412.58,414.83,412.88,415.16
2020,12,44180,20.209.563,413.89,414.82,414.09,415,413.89,414.82
2021,1,44211,20.210.411,415.15,415.1,415.23,415.16,415.15,415.1
2021,2,44242,20.211.260,416.47,415.7,416.1,415.32,416.47,415.7
2021,3,44270,20.212.027,417.16,415.61,417.02,415.45,417.16,415.61
2021,4,44301,20.212.877,418.24,415.43,418.41,415.58,418.24,415.43
2021,5,44331,20.213.699,418.95,415.52,419.13,415.7,418.95,415.52
2021,6,44362,20.214.548,418.7,416.11,418.4,415.83,418.7,416.11
2021,7,44392,20.215.370,416.65,415.84,416.72,415.94,416.65,415.84
2021,8,44423,20.216.219,414.35,415.9,-99.99,-99.99,414.35,415.9
2021,9,44454,20.217.068,-99.99,-99.99,-99.99,-99.99,-99.99,-99.99
2021,10,44484,20.217.890,-99.99,-99.99,-99.99,-99.99,-99.99,-99.99
2021,11,44515,20.218.740,-99.99,-99.99,-99.99,-99.99,-99.99,-99.99
2021,12,44545,20.219.562,-99.99,-99.99,-99.99,-99.99,-99.99,-99.99
